7,1294,dump
#
# used SQL: SELECT CPU_TYPE,CPU_SPEED,RAM_INSTALLED,HARD_DRIVE,SCREEN_SIZE,WEIGHT,BEST_PRICE FROM NOTEBOOKS_SHOPPINGCOM.PRODUCTS_TEST WHERE (CPU_TYPE IS NOT NULL) AND (CPU_SPEED IS NOT NULL) AND (RAM_INSTALLED IS NOT NULL) AND (HARD_DRIVE IS NOT NULL) AND (SCREEN_SIZE IS NOT NULL) AND (WEIGHT IS NOT NULL) AND (BEST_PRICE IS NOT NULL) AND BEST_PRICE>50
#
0.0,0.48042706,0.13043478,0.009644732,0.7368421,0.796977,0.9982091
0.0,0.48042706,0.13043478,0.019411549,0.27192986,0.9343868,0.9490439
0.0,0.6939502,0.65217394,0.06092052,0.87719303,0.7643421,0.8464889
0.0,0.6227758,0.47826087,0.038945183,0.6228071,0.8488492,0.8976563
0.0,0.52669036,0.04347826,0.0047613233,0.6228071,0.8701477,0.9019343
0.0,0.38434163,0.3043478,0.030399218,0.4035088,0.93782204,0.9445946
0.0,0.5516014,0.0,0.0035404712,0.6228071,0.84129167,0.99189997
0.0,0.48042706,0.13043478,0.0018312782,0.16666664,0.86911714,0.973304
0.0,0.48042706,0.3043478,0.030399218,0.44736847,0.8996908,0.89320695
0.0,0.6227758,0.3043478,0.030399218,0.5526316,0.86224663,0.89453954
0.0,0.6797153,0.47826087,2.4417043E-4,0.87719303,0.79216766,0.88875765
0.0,0.5516014,0.3043478,0.019411549,0.5526316,0.8777053,0.8889779
0.0,0.6227758,0.13043478,0.01452814,0.7368421,0.8072827,0.81111443
0.0,0.658363,0.65217394,0.030399218,0.6228071,0.8553761,0.8731827
0.0,0.37366548,0.47826087,0.038945183,0.754386,0.8485057,0.9005484
0.0,0.38434163,0.13043478,0.019411549,0.4035088,0.9343868,0.9488237
0.0,0.40925267,0.47826087,0.030399218,0.44736847,0.9199588,0.83537
0.0,0.48042706,0.13043478,0.019411549,0.2631579,0.9395397,0.9332599
0.0,0.5017794,0.13043478,0.019411549,0.28070176,0.9412573,0.9488237
0.0,0.6227758,0.65217394,0.038945183,0.7894737,0.80796975,0.88194126
0.0,0.6227758,0.3043478,0.024294958,0.87719303,0.7866713,0.99954396
0.0,0.3380783,0.3043478,0.030399218,0.4035088,0.93782204,0.9445946
0.0,0.48042706,0.13043478,0.019411549,0.16666664,0.95499825,0.93102634
0.0,0.6227758,0.65217394,0.038945183,0.7368421,0.8289248,0.913229
0.0,0.48042706,0.3043478,0.019411549,0.27192986,0.9412573,0.9014227
0.0,0.40925267,0.65217394,0.038945183,0.6228071,0.88629335,0.88209254
0.0,0.48042706,0.13043478,0.019411549,0.2631579,0.92064583,0.9510484
0.0,0.6227758,0.3043478,0.030399218,0.87719303,0.7602199,0.8665198
0.0,0.6227758,0.47826087,0.019411549,0.87719303,0.7602199,0.8665198
0.0,0.658363,0.65217394,0.048712,0.7368421,0.82995534,0.8190565
0.0,0.658363,0.47826087,0.030399218,0.87719303,0.7763655,0.8547669
0.0,0.48042706,0.13043478,0.019411549,0.2631579,0.9412573,0.95616513
0.0,0.6227758,0.65217394,0.06092052,1.0,0.7275851,0.67251754
0.0,0.19572954,0.65217394,0.038945183,0.74561405,0.82445896,0.83315873
0.0,0.48042706,0.13043478,0.019411549,0.27192986,0.9312951,0.9399339
0.0,0.6227758,0.3043478,0.038945183,0.5526316,0.8777053,0.85316294
0.0,0.658363,0.65217394,0.038945183,0.74561405,0.82445896,0.8285024
0.0,0.48042706,0.13043478,0.019411549,0.27192986,0.9340433,0.9510484
0.0,0.40925267,0.47826087,0.030399218,0.6228071,0.88629335,0.8642863
0.0,0.6227758,0.65217394,0.038945183,0.7368421,0.81071794,0.88887775
0.0,0.6227758,0.65217394,0.038945183,0.7894737,0.79251117,0.84426427
0.0,0.56227756,0.3043478,0.030399218,0.754386,0.8347647,0.9045617
0.0,0.6227758,0.65217394,0.038945183,0.5526316,0.8941944,0.8642863
0.0,0.38434163,0.3043478,0.030399218,0.27192986,0.9412573,0.93990725
0.0,0.48042706,0.13043478,0.019411549,0.16666664,0.95156306,0.94993603
0.0,0.8113879,0.65217394,0.06092052,0.44736847,0.8083133,0.83336115
0.0,0.658363,0.47826087,0.030399218,0.7368421,0.82445896,0.8889779
0.0,0.40925267,0.65217394,0.06092052,0.754386,0.8485057,0.8776343
0.0,0.48042706,0.13043478,0.0072030276,0.27192986,0.9464102,0.89120257
0.0,0.658363,0.65217394,0.038945183,0.6228071,0.8347647,0.8335836
0.0,0.48042706,0.13043478,0.019411549,0.28070176,0.93266916,0.9475467
0.0,0.6227758,0.47826087,0.030399218,0.754386,0.80487806,0.9110043
0.0,0.48042706,0.13043478,0.019411549,0.27192986,0.9343868,0.9424211
0.0,0.40925267,0.3043478,0.030399218,0.5526316,0.9103401,0.87497133
0.0,0.6227758,0.3043478,0.019411549,0.7017544,0.83132946,0.92657703
0.0,0.6227758,0.65217394,0.038945183,0.5526316,0.86224663,0.8934272
0.0,0.38434163,0.3043478,0.030399218,0.4035088,0.93782204,0.9445946
0.0,0.38434163,0.13043478,0.019411549,0.4035088,0.9343868,0.9488237
0.0,0.5017794,0.13043478,0.019411549,0.27192986,0.93095154,0.93325543
0.0,0.5017794,0.13043478,0.019411549,0.27192986,0.9343868,0.9405902
0.0,0.5017794,0.13043478,0.019411549,0.27192986,0.93095154,0.933251
0.0,0.71530247,0.65217394,0.06092052,0.9035087,0.7639986,0.79977083
0.0,0.658363,0.65217394,0.038945183,0.7894737,0.82445896,0.85983694
0.0,0.6939502,0.3043478,0.019411549,0.754386,0.80487806,0.933251
0.0,0.48042706,0.13043478,0.019411549,0.16666664,0.94503605,0.94660795
0.0,0.6227758,0.47826087,0.038945183,0.754386,0.7866713,0.9223479
0.0,0.40925267,0.3043478,0.038945183,0.5614035,0.93232566,0.85538757
0.0,0.6939502,0.65217394,0.030399218,0.9035087,0.79045004,0.8776343
0.0,0.6227758,0.13043478,0.06092052,0.9035087,0.7670903,0.7652862
0.0,0.3380783,0.3043478,0.030399218,0.4035088,0.9285469,0.9154537
0.0,0.76512456,0.65217394,3.6625564E-4,1.0,0.7214016,0.8042202
0.0,0.6939502,0.47826087,0.038945183,0.44736847,0.87083477,0.81578624
0.0,0.658363,0.47826087,0.019411549,0.7368421,0.81071794,0.85004616
0.0,0.6797153,0.3043478,0.030399218,0.754386,0.80487806,0.89276206
0.0,0.56227756,0.13043478,0.012086436,0.5526316,0.8897286,0.9870858
0.0,0.6227758,0.65217394,0.038945183,0.6140351,0.8485057,0.85827744
0.0,0.38434163,0.13043478,0.019411549,0.4035088,0.93095154,0.9488237
0.0,0.48042706,0.13043478,0.019411549,0.27192986,0.93095154,0.9646633
0.0,0.48042706,0.13043478,0.002319619,0.16666664,0.9481278,0.95549774
0.0,0.6227758,0.47826087,0.030399218,0.7368421,0.8419787,0.9288106
0.0,0.6227758,0.3043478,0.030399218,0.7368421,0.80762625,0.8551629
0.0,0.658363,0.3043478,0.030399218,0.754386,0.8278942,0.9136094
0.0,0.6227758,0.13043478,0.019411549,0.7368421,0.84163517,0.9399339
0.0,0.6227758,0.65217394,0.30509096,0.6228071,0.8347647,0.8877565
0.0,0.658363,0.65217394,0.038945183,0.6228071,0.85606325,0.85538757
0.0,0.6227758,0.13043478,0.01452814,0.7368421,0.8419787,0.9345836
0.0,0.48042706,0.13043478,0.019411549,0.27192986,0.9340433,0.9488237
0.0,0.6227758,0.47826087,0.038945183,0.7368421,0.81071794,0.8754096
0.0,0.3380783,0.13043478,0.0035404712,0.0,0.9663346,0.9490439
0.0,0.48042706,0.3043478,1.2208521E-4,0.6228071,0.8505668,1.0
0.0,0.48042706,0.13043478,0.019411549,0.16666664,0.95156306,0.95994705
0.0,0.71530247,0.3043478,0.01452814,0.87719303,0.70422536,0.7110043
0.0,0.48042706,0.13043478,0.019411549,0.2631579,0.95156306,0.9572797
0.0,0.6797153,0.3043478,0.019411549,0.7368421,0.8419787,0.9354757
0.0,0.6797153,0.65217394,0.038945183,0.7368421,0.8289248,0.90544266
0.0,0.6227758,0.3043478,0.030399218,0.87719303,0.7602199,0.8665198
0.0,0.658363,0.65217394,0.038945183,0.87719303,0.7643421,0.83307415
0.0,0.8113879,0.65217394,0.06092052,0.9035087,0.796977,0.7777444
0.0,0.56227756,0.13043478,0.019411549,0.87719303,0.7866713,0.99954396
0.0,0.6939502,0.47826087,0.06092052,0.44736847,0.87083477,0.8465979
0.0,0.6227758,0.65217394,0.030399218,0.7368421,0.81071794,0.8362532
0.0,0.48042706,0.13043478,0.019411549,0.27192986,0.9412573,0.94949335
0.0,0.658363,0.65217394,0.038945183,0.87719303,0.77293026,0.871403
0.0,0.6227758,0.3043478,0.019411549,0.6228071,0.8485057,0.9049977
0.0,0.6227758,1.0,0.06092052,1.0,0.6973549,0.76818055
0.0,0.8113879,0.13043478,0.038945183,0.7894737,0.8141532,0.79999113
0.0,0.76512456,1.0,0.06092052,0.7894737,0.78804535,0.75527745
0.0,0.48042706,0.13043478,0.0072030276,0.28070176,0.9488148,0.9488215
0.0,0.48042706,0.13043478,0.019411549,0.27192986,0.93095154,0.9490439
0.0,0.48042706,0.3043478,0.029178366,0.7368421,0.82445896,0.9982091
0.0,0.6227758,0.47826087,0.030399218,0.7368421,0.83201647,0.97573996
0.0,0.6227758,0.65217394,0.038945183,0.87719303,0.7763655,0.7908922
0.0,0.71530247,0.13043478,0.038945183,0.754386,0.80762625,0.74303955
0.0,0.6939502,0.65217394,0.048712,1.0,0.6973549,0.8471563
0.0,0.48042706,0.13043478,0.019411549,0.2631579,0.9539677,0.94996053
0.0,0.48042706,0.13043478,0.0,0.28070176,0.9357609,0.9506034
0.0,0.48042706,0.13043478,0.0018312782,0.27192986,0.9495019,0.95549774
0.0,0.48042706,0.13043478,0.019411549,0.27192986,0.9412573,0.93347126
0.0,0.66903913,0.65217394,0.048712,0.7894737,0.8127791,0.7937131
0.0,0.6939502,0.65217394,0.038945183,0.7894737,0.7901065,0.8776343
0.0,0.6227758,0.47826087,0.06092052,0.7017544,0.83132946,0.9210131
0.0,0.6227758,0.65217394,0.030399218,0.7894737,0.77293026,0.8887643
0.0,0.6939502,0.47826087,0.038945183,0.7894737,0.82445896,0.88875765
0.0,0.85765123,0.47826087,0.038945183,0.6140351,0.85194093,0.753273
0.0,0.6227758,0.65217394,0.06092052,0.7368421,0.84163517,0.8146094
0.0,0.40925267,0.65217394,0.06092052,0.5526316,0.9103401,0.82202643
0.0,0.76512456,0.65217394,0.038945183,0.7894737,0.8141532,0.7844184
0.0,0.6797153,0.65217394,0.030399218,0.7368421,0.81071794,0.8471563
0.0,0.658363,0.65217394,0.038945183,0.754386,0.82995534,0.9043303
0.0,0.5017794,0.47826087,2.4417043E-4,0.7368421,0.8038475,0.9110043
0.0,0.38434163,0.13043478,0.019411549,0.27192986,0.93095154,0.97345746
0.0,0.48042706,0.13043478,0.019411549,0.2631579,0.9412573,0.93947786
0.0,0.76512456,0.65217394,0.030399218,0.6228071,0.84163517,0.80221575
0.0,0.658363,0.65217394,3.6625564E-4,0.7894737,1.0,0.85071355
0.0,0.48042706,0.3043478,0.019411549,0.27192986,0.9343868,0.92306423
0.0,0.658363,0.47826087,0.038945183,0.754386,0.8265201,0.91122454
0.0,0.658363,0.65217394,0.038945183,0.754386,0.8223978,0.85983694
0.0,0.5516014,0.3043478,0.019411549,0.5526316,0.86224663,0.91768277
0.0,0.6227758,0.47826087,0.030399218,0.87719303,0.7602199,0.8665198
0.0,0.48042706,0.3043478,0.038945183,0.5614035,0.93232566,0.8927598
0.0,0.6227758,0.47826087,0.030399218,0.8245614,0.81071794,0.88886887
0.0,0.48042706,0.13043478,0.019411549,0.27192986,0.9412573,0.87874436
0.0,0.6227758,0.65217394,0.038945183,0.87719303,0.7602199,0.8778545
0.0,0.6227758,0.47826087,0.030399218,0.5526316,0.86224663,0.8934272
0.0,0.71530247,0.3043478,0.019411549,0.6228071,0.84163517,0.95705277
0.0,0.8113879,0.65217394,0.038945183,0.7894737,0.83751285,0.8531607
0.0,0.76512456,0.65217394,0.06092052,0.7894737,0.66300243,0.76134634
0.0,0.6227758,0.3043478,0.030399218,0.7368421,0.17176229,0.9154537
0.0,0.658363,0.65217394,0.048712,1.0,0.74888355,0.7330308
0.0,0.76512456,0.3043478,0.019411549,0.44736847,0.92751634,0.7875329
0.0,0.6227758,0.65217394,0.06092052,0.7894737,0.8127791,0.84426427
0.0,0.9074733,0.65217394,0.038945183,0.754386,0.8072827,0.74861234
0.0,0.6227758,0.65217394,0.030399218,0.5526316,0.8941944,0.8642863
0.0,0.66903913,0.65217394,0.048712,0.87719303,0.7763655,0.82601976
0.0,0.76512456,1.0,0.06092052,0.7894737,0.8083133,0.7931057
0.0,0.658363,0.65217394,0.038945183,0.5526316,0.8828581,0.7664097
0.0,0.48042706,0.04347826,1.0,0.16666664,0.95225006,0.9647501
0.0,0.6227758,0.47826087,0.038945183,0.87719303,0.77121264,0.8778545
0.0,0.48042706,0.13043478,0.019411549,0.16666664,0.93782204,0.934617
0.0,0.48042706,0.13043478,0.019411549,0.27192986,0.9343868,0.9490439
0.0,0.8113879,0.65217394,0.030399218,0.7368421,0.8138097,0.7343633
0.0,0.76512456,0.65217394,0.038945183,0.6228071,0.8347647,0.7898911
0.0,0.66903913,0.65217394,0.038945183,0.6228071,0.85194093,0.84670913
0.0,0.76512456,0.3043478,0.030399218,0.6228071,0.8485057,0.8362421
0.0,0.76512456,0.3043478,0.030399218,0.7368421,0.8038475,0.81979066
0.0,0.48042706,0.3043478,0.019411549,0.6228071,0.8488492,0.946599
0.0,0.38434163,0.13043478,0.009644732,0.0877193,0.9824802,0.8409317
0.0,0.48042706,0.13043478,0.019411549,0.27192986,0.94469255,0.9403877
0.0,0.48042706,0.47826087,0.01452814,0.35964918,0.7214016,0.79061854
0.0,0.6227758,0.65217394,0.030399218,0.7368421,0.81071794,0.83558804
0.0,0.38434163,0.3043478,0.030399218,0.4035088,0.9285469,0.9377093
0.0,0.6227758,0.47826087,0.030399218,0.6228071,0.8485057,0.8461152
0.0,0.48042706,0.13043478,0.019411549,0.28070176,0.9343868,0.93347347
0.0,0.658363,0.65217394,0.06092052,0.7894737,0.80796975,0.84025985
0.0,0.6797153,0.3043478,0.019411549,0.7368421,0.8419787,0.8699347
0.0,0.658363,0.47826087,0.038945183,0.6228071,0.8347647,0.8364757
0.0,0.48042706,0.13043478,0.019411549,0.27192986,0.93095154,0.92013437
0.0,0.48042706,0.13043478,0.019411549,0.44736847,0.8897286,0.98463863
0.0,0.48042706,0.13043478,0.019411549,0.27192986,0.9343868,0.9490439
0.0,0.3380783,0.04347826,0.0072030276,0.44736847,0.9343868,0.97871214
0.0,0.38434163,0.3043478,0.030399218,0.4035088,0.9285469,0.9377004
0.0,0.6939502,0.65217394,0.038945183,0.6228071,0.84163517,0.87470883
0.0,0.658363,0.3043478,0.038945183,0.7368421,0.82445896,0.85538757
0.0,0.8113879,1.0,0.038945183,1.0,0.6973549,0.6843127
0.0,0.6227758,0.47826087,0.038945183,0.87719303,0.7602199,0.8665198
0.0,0.8113879,0.65217394,0.038945183,0.8245614,0.7935417,0.7708501
0.0,0.48042706,0.3043478,0.01452814,0.87719303,0.7866713,0.9982091
0.0,0.48042706,0.13043478,0.019411549,0.27192986,0.9412573,0.95773125
0.0,0.6939502,0.65217394,0.038945183,0.87719303,0.7643421,0.8444867
0.0,0.6227758,0.3043478,0.030399218,0.7368421,0.8261766,0.9069977
0.0,0.76512456,0.3043478,0.01452814,0.6228071,0.8450704,0.719903
0.0,0.9074733,0.65217394,0.038945183,0.6228071,0.84129167,0.7576356
0.0,0.5017794,0.13043478,0.019411549,0.28070176,0.9412573,0.9488237
0.0,0.658363,0.13043478,0.030399218,0.5526316,0.86224663,0.89453954
0.0,0.6227758,0.13043478,0.019411549,0.7368421,0.82445896,0.93325543
0.0,0.48042706,0.13043478,0.0072030276,0.28070176,0.9488148,0.95943534
0.0,0.38434163,0.3043478,0.0072030276,0.0877193,0.979045,0.8351431
0.0,0.40925267,0.3043478,0.038945183,0.5263158,0.93232566,0.85538757
0.0,0.57295376,0.3043478,0.019411549,0.5526316,0.86224663,0.91122454
0.0,0.6939502,0.0,0.0047613233,0.79824567,0.7351426,0.99553955
0.0,0.6227758,0.0,0.030399218,0.7894737,0.8261766,0.889821
0.0,0.6227758,0.47826087,0.030399218,0.754386,0.83132946,0.92657703
0.0,0.40925267,0.13043478,0.015504822,0.5526316,0.9172106,0.51993406
0.0,0.23131673,0.13043478,0.019411549,0.16666664,0.94469255,0.9777444
0.0,0.6227758,0.47826087,0.030399218,0.5526316,0.8485057,0.90474635
0.0,0.76512456,0.82608694,0.06092052,0.7894737,0.81071794,0.769958
0.0,0.8113879,0.3043478,0.030399218,0.6228071,0.8485057,0.68986994
0.0,0.48042706,0.04347826,0.009644732,0.7368421,0.82445896,0.99776644
0.0,0.48042706,0.13043478,0.019411549,0.27192986,0.93473035,0.9443744
0.0,0.5017794,0.3043478,0.024294958,0.7368421,0.8038475,0.7504499
0.0,0.6227758,0.65217394,0.048712,0.74561405,0.82445896,0.8229052
0.0,0.6227758,0.47826087,0.038945183,0.7368421,0.81449676,0.8954361
0.0,0.71530247,0.47826087,0.030399218,0.7368421,0.83132946,0.77557534
0.0,0.2669039,0.04347826,3.6625564E-4,0.16666664,0.94022673,0.9210131
0.0,0.658363,0.65217394,0.038945183,0.87719303,0.7643421,0.8932114
0.0,0.40925267,0.47826087,0.019411549,0.44736847,0.9481278,0.71443033
0.0,0.37366548,0.13043478,0.019411549,0.4035088,0.9261422,0.92902195
0.0,0.5160142,0.04347826,0.009644732,0.7368421,0.82445896,0.9982091
0.0,0.6797153,0.3043478,0.030399218,0.7368421,0.8419787,0.89320695
0.0,0.6227758,0.3043478,0.030399218,0.6228071,0.8553761,0.8776343
0.0,0.6227758,0.3043478,0.019411549,0.7368421,0.81071794,0.88630825
0.0,0.14839858,0.04347826,0.009644732,0.27192986,0.94469255,0.9501563
0.0,0.6227758,0.65217394,0.038945183,0.5526316,0.8941944,0.8642863
0.0,0.48042706,0.3043478,0.019411549,0.44736847,0.92064583,0.81630015
0.0,0.6797153,0.3043478,0.030399218,0.7368421,0.8419787,0.93792284
0.0,0.6227758,0.65217394,0.038945183,0.8245614,0.7935417,0.79520136
0.0,0.6227758,0.65217394,0.030399218,0.7894737,0.8210237,0.8338083
0.0,0.5017794,0.13043478,0.019411549,0.27192986,0.94744074,0.93347126
0.0,0.6227758,0.3043478,0.038945183,0.87719303,0.7602199,0.8722929
0.0,0.6227758,0.65217394,0.030399218,0.6228071,0.8347647,0.82201755
0.0,0.658363,0.65217394,0.038945183,0.74561405,0.82445896,0.8358083
0.0,0.76512456,0.3043478,0.038945183,0.7368421,0.82445896,0.7749013
0.0,0.6797153,0.3043478,1.2208521E-4,0.7368421,0.8419787,0.91211665
0.0,0.76512456,1.0,0.038945183,0.8245614,0.80041224,0.7281387
0.0,0.48042706,0.13043478,0.019411549,0.44736847,0.9103401,0.92212766
0.0,0.76512456,0.3043478,0.030399218,0.6228071,0.8485057,0.80995315
0.0,0.658363,0.04347826,0.038945183,0.6228071,0.8485057,0.84760123
0.0,0.658363,0.3043478,0.019411549,0.7368421,0.7901065,0.7554977
0.0,0.37366548,0.13043478,0.019411549,0.4035088,0.9343868,0.9490439
0.0,0.40925267,0.65217394,0.038945183,0.754386,0.8485057,0.8776343
0.0,0.6227758,0.47826087,0.038945183,0.7368421,0.84163517,0.83113647
0.0,0.6939502,0.65217394,0.038945183,0.7894737,0.8083133,0.8665154
0.0,0.8113879,0.65217394,3.6625564E-4,1.0,0.7282721,0.5886475
0.0,0.48042706,0.13043478,0.019411549,0.44736847,0.9103401,0.9232489
0.0,0.38434163,0.3043478,0.0072030276,0.0877193,0.979045,0.8418149
0.0,0.658363,0.65217394,0.038945183,0.6228071,0.8347647,0.83558583
0.0,0.76512456,0.47826087,0.038945183,0.6228071,0.89316386,0.68163866
0.0,0.658363,0.65217394,0.038945183,0.74561405,0.82445896,0.8264669
0.0,0.48042706,0.13043478,0.0012208521,0.16666664,0.94709724,0.92435235
0.0,0.85765123,0.47826087,0.038945183,0.7368421,0.83132946,0.717685
0.0,0.658363,0.3043478,1.2208521E-4,0.6228071,0.8419787,0.75536424
0.0,0.48042706,0.13043478,0.01452814,0.16666664,0.95156306,0.9800558
0.0,0.6227758,0.65217394,0.038945183,0.754386,0.8072827,0.89320695
0.0,0.38434163,0.13043478,0.019411549,0.4035088,0.92751634,0.9445946
0.0,0.6227758,0.47826087,0.038945183,0.7368421,0.81071794,0.8754096
0.0,0.658363,0.3043478,0.019411549,0.7368421,0.81071794,0.8987664
0.0,0.6939502,0.3043478,0.030399218,0.7368421,0.84163517,0.91745365
0.0,0.48042706,0.13043478,0.0047613233,0.44736847,0.92751634,0.9359184
0.0,0.76512456,0.47826087,0.030399218,0.7368421,0.83132946,0.79776645
0.0,0.6227758,0.3043478,0.019411549,0.7368421,0.8337341,0.9288106
0.0,0.6227758,0.47826087,0.030399218,0.7368421,0.8261766,0.91122454
0.0,0.5017794,0.13043478,0.019411549,0.6228071,0.8485057,0.92346025
0.0,0.6227758,0.65217394,0.038945183,0.5526316,0.86224663,0.8934272
0.0,0.72953737,0.65217394,0.038945183,0.44736847,0.87083477,0.8109031
0.0,0.57295376,0.3043478,0.019411549,0.6228071,0.86430776,0.9377004
0.0,0.6227758,0.65217394,0.030399218,0.6228071,0.8485057,0.86591697
0.0,0.6227758,0.65217394,0.030399218,0.44736847,0.8921333,0.8665109
0.0,0.66903913,0.47826087,0.038945183,0.6228071,0.85606325,0.84670913
0.0,0.76512456,0.3043478,0.019411549,0.44736847,0.92751634,0.71457493
0.0,0.658363,0.3043478,0.038945183,0.7368421,0.81071794,0.8581773
0.0,0.71530247,0.82608694,0.06092052,0.7894737,0.81071794,0.7866431
0.0,0.6227758,0.47826087,2.4417043E-4,0.5526316,0.8852628,0.76350874
0.0,0.76512456,0.3043478,0.06092052,0.6228071,0.8485057,0.7814729
0.0,0.8113879,0.65217394,0.015504822,0.87719303,0.7200275,0.21134353
0.0,0.6227758,0.65217394,3.6625564E-4,0.7894737,0.8072827,0.8489338
0.0,0.6227758,0.65217394,3.6625564E-4,0.8245614,0.80041224,0.79643166
0.0,0.6227758,0.3043478,0.030399218,0.7368421,0.84163517,0.86095816
0.0,0.40925267,0.65217394,0.019411549,0.35964918,0.93198216,0.44337654
0.0,0.76512456,0.65217394,0.038945183,0.7368421,0.82445896,0.7924272
0.0,0.48042706,0.04347826,0.0035404712,0.16666664,0.92751634,0.96083695
0.0,0.76512456,0.47826087,0.038945183,0.6228071,0.88629335,0.71178293
0.0,0.8113879,0.47826087,0.038945183,0.53508776,0.91308826,0.625577
0.0,0.48042706,0.65217394,0.030399218,0.35964918,0.93095154,0.42672044
0.0,0.76512456,0.3043478,0.019411549,0.7368421,0.81758845,0.7608369
0.0,0.48042706,0.13043478,0.0012208521,0.16666664,0.9481278,0.92435235
0.0,0.3380783,0.3043478,0.030399218,0.4035088,0.9285469,0.9377004
0.0,0.658363,0.65217394,0.038945183,0.8245614,0.7935417,0.7953304
0.0,0.658363,0.47826087,0.038945183,0.6228071,0.8553761,0.91211444
0.0,0.48042706,0.13043478,0.0018312782,0.27192986,0.9488148,0.96217614
0.0,0.76512456,0.3043478,8.545965E-4,0.7368421,0.8138097,0.7648413
0.0,0.658363,0.65217394,0.038945183,0.754386,0.8223978,0.84426427
0.0,0.76512456,0.65217394,0.06092052,0.7894737,0.80796975,0.8244625
0.0,0.8113879,0.3043478,0.038945183,0.7368421,0.81758845,0.6940434
0.0,0.71530247,0.3043478,0.030399218,0.7368421,0.8038475,0.81716996
0.0,0.658363,0.3043478,0.030399218,0.6228071,0.8485057,0.8696989
0.0,0.5516014,0.13043478,0.019411549,0.7368421,0.81071794,0.91122454
0.0,0.9074733,0.65217394,0.024294958,0.7368421,0.81758845,0.5841981
0.0,0.76512456,0.3043478,0.030399218,0.7368421,0.81071794,0.7407526
0.0,0.76512456,0.3043478,0.019411549,0.6228071,0.87152183,0.7821937
0.0,0.48042706,0.13043478,0.019411549,0.27192986,0.9312951,0.939925
0.0,0.23131673,0.13043478,0.002319619,0.16666664,0.9584335,0.955431
0.0,0.38434163,0.13043478,0.019411549,0.27192986,0.9412573,0.933251
0.0,0.5017794,0.13043478,0.019411549,0.27192986,0.94744074,0.93347126
0.0,0.6797153,0.3043478,0.019411549,0.754386,0.82445896,0.8331409
0.0,0.6227758,0.3043478,0.019411549,0.7368421,0.84163517,0.9225704
0.0,0.5017794,0.3043478,0.019411549,0.7368421,0.8278942,0.88875765
0.0,0.38434163,0.13043478,0.019411549,0.27192986,0.94469255,0.95327306
0.0,0.85765123,0.65217394,0.06092052,1.0,0.4465819,0.6674186
0.0,0.658363,0.65217394,0.038945183,0.8245614,0.7935417,0.8331409
0.0,0.38434163,0.3043478,0.015504822,0.44736847,0.9481278,0.46193922
0.0,0.6797153,0.47826087,0.030399218,0.5526316,0.8485057,0.9165749
0.0,0.48042706,0.13043478,0.019411549,0.27192986,0.93747854,0.92013437
0.0,0.6227758,0.47826087,0.038945183,0.754386,0.70422536,0.84670913
0.0,0.48042706,0.13043478,0.019411549,0.27192986,0.93747854,0.9243612
0.0,0.38434163,0.13043478,0.0047613233,0.44736847,0.937135,0.9359184
0.0,0.48042706,0.04347826,0.012086436,0.7368421,0.82445896,0.9982091
0.0,0.23131673,0.13043478,0.0013429374,0.16666664,0.9556853,0.9643964
0.0,0.48042706,0.13043478,0.019411549,0.28070176,0.9395397,0.9404501
0.0,0.658363,0.65217394,0.038945183,0.74561405,0.82445896,0.8489338
0.0,0.6797153,0.13043478,0.019411549,0.7368421,0.84163517,0.9135805
0.0,0.6227758,0.47826087,0.019411549,0.7017544,0.83132946,0.7846409
0.0,0.6227758,0.65217394,0.038945183,0.6228071,0.8347647,0.8665109
0.0,0.3380783,0.13043478,0.030399218,0.4035088,0.9261422,0.9377004
0.0,0.85765123,0.65217394,0.038945183,0.53508776,0.9172106,0.6427114
0.0,0.6939502,0.13043478,0.0,0.6228071,0.87907934,0.8501196
0.0,0.6797153,0.65217394,0.030399218,0.7368421,0.81071794,0.84426427
0.0,0.658363,0.65217394,0.038945183,0.5526316,0.8797664,0.7632885
0.0,0.80071175,0.3043478,0.030399218,0.7894737,0.76605976,0.5550661
0.0,0.76512456,0.65217394,0.038945183,0.6228071,0.85194093,0.84426427
0.0,0.85765123,0.65217394,0.038945183,0.7894737,0.81071794,0.69988096
0.0,0.85765123,0.65217394,0.038945183,0.5526316,0.8852628,0.5752995
0.0,0.85765123,0.65217394,0.038945183,1.0,0.7282721,0.7219074
0.0,0.8113879,1.0,0.015504822,0.5526316,0.86396426,0.769958
0.0,0.9074733,0.65217394,0.06092052,0.53508776,0.9172106,0.50344265
0.0,0.6939502,0.65217394,0.038945183,0.754386,0.8083133,0.84426427
0.0,0.40925267,0.13043478,0.01452814,0.7368421,0.81758845,0.8998899
0.0,0.48042706,0.13043478,0.019411549,0.16666664,0.95499825,0.9377004
0.0,0.66903913,0.65217394,0.048712,0.6228071,0.8553761,0.8331409
0.0,0.6227758,0.3043478,0.019411549,0.754386,0.8223978,0.9154581
0.0,0.6227758,0.65217394,0.038945183,0.5526316,0.8941944,0.8642863
0.0,0.48042706,0.13043478,0.019411549,0.27192986,0.95499825,0.9800558
0.0,0.6227758,0.47826087,0.030399218,0.7017544,0.82068014,0.97573996
0.0,0.38434163,0.13043478,0.009644732,0.0877193,0.9824802,0.8444956
0.0,0.8113879,0.65217394,0.06092052,0.87719303,0.719684,0.75527745
0.0,0.48042706,0.13043478,0.019411549,0.2631579,0.9412573,0.9488237
0.0,0.6797153,0.3043478,0.030399218,0.7368421,0.8419787,0.9059966
0.0,0.6227758,0.47826087,2.4417043E-4,0.7894737,0.80796975,0.8949867
0.0,0.5017794,0.13043478,0.019411549,0.27192986,0.94057024,0.9110043
0.0,0.76512456,0.65217394,0.030399218,0.8245614,0.80041224,0.7442409
0.0,0.658363,0.65217394,0.038945183,0.7368421,0.8278942,0.9110043
0.0,0.6939502,0.3043478,0.030399218,0.7017544,0.8261766,0.84490496
0.0,0.57295376,0.3043478,0.019411549,0.44736847,0.9412573,0.71790075
0.0,0.6227758,0.3043478,0.038945183,0.754386,0.81484026,0.85071355
0.0,0.6227758,0.3043478,0.030399218,0.7368421,0.8072827,0.82424223
0.0,0.6227758,0.3043478,0.019411549,0.6228071,0.85194093,0.8731827
0.0,0.48042706,0.3043478,0.030399218,0.754386,0.81758845,0.92657703
0.0,0.6227758,0.47826087,0.038945183,0.7017544,0.83132946,0.9210131
0.0,0.5017794,0.13043478,0.019411549,0.27192986,0.9412573,0.9110043
0.0,0.6939502,0.3043478,0.06092052,0.6228071,0.8485057,0.8265959
0.0,0.6227758,0.47826087,0.030399218,0.754386,0.83132946,0.92657703
0.0,0.76512456,1.0,0.038945183,0.8245614,0.8038475,0.7250197
0.0,0.48042706,0.3043478,0.019411549,0.754386,0.82445896,0.9065528
0.0,0.8113879,0.3043478,0.019411549,0.7368421,0.8347647,0.6909823
0.0,0.6227758,0.65217394,0.038945183,0.7017544,0.83132946,0.879859
0.0,0.6227758,0.65217394,0.038945183,0.7017544,0.82068014,0.97573996
0.0,0.6227758,0.47826087,0.024294958,0.7368421,0.8223978,0.8998854
0.0,0.5017794,0.3043478,0.030399218,0.28070176,0.90965307,0.8740748
0.0,0.8113879,0.3043478,0.030399218,0.87719303,0.77293026,0.64203954
0.0,0.6797153,0.47826087,0.030399218,0.7368421,0.81071794,0.8720815
0.0,0.52669036,0.3043478,0.030399218,0.7368421,0.8227413,0.8564999
0.0,0.658363,0.65217394,0.038945183,0.87719303,0.7626245,0.8667868
0.0,0.6227758,0.65217394,0.030399218,0.754386,0.8337341,0.8707111
0.0,0.48042706,0.04347826,0.009644732,0.6228071,0.8505668,0.9991635
0.0,0.13523132,0.04347826,3.6625564E-4,0.0,0.9608382,0.96661884
0.0,0.48042706,0.04347826,8.545965E-4,0.16666664,0.95225006,0.9647501
0.0,0.66903913,0.65217394,0.038945183,0.7368421,0.81071794,0.85632193
0.0,0.6227758,0.65217394,0.038945183,0.6228071,0.8485057,0.88436836
0.0,0.48042706,0.13043478,0.019411549,0.28070176,0.94709724,0.9445946
0.0,0.76512456,0.3043478,0.030399218,0.6228071,0.84163517,0.8211588
0.0,0.76512456,0.47826087,0.019411549,0.7368421,0.8347647,0.75764227
0.0,0.6939502,0.3043478,0.030399218,0.6228071,0.8481622,0.8444956
0.0,0.6227758,0.65217394,0.038945183,0.7894737,0.7866713,0.8998854
0.0,0.6227758,0.47826087,0.030399218,0.6228071,0.8419787,0.88886887
0.0,0.48042706,0.13043478,0.019411549,0.2631579,0.9412573,0.9399228
0.0,0.8113879,0.65217394,0.019411549,0.7368421,0.81758845,0.62869155
0.0,0.40925267,0.65217394,0.015504822,0.5526316,0.9172106,0.53303075
0.0,0.48042706,0.13043478,0.019411549,0.27192986,0.9312951,0.9293045
0.0,1.0,0.65217394,0.038945183,0.7368421,0.8141532,0.33126438
0.0,0.76512456,1.0,0.038945183,0.8245614,0.80041224,0.6418193
0.0,0.48042706,0.13043478,0.009644732,0.2631579,0.92064583,0.933251
0.0,0.8113879,0.65217394,0.038945183,0.53508776,0.91308826,0.58529496
0.0,0.38434163,0.3043478,1.2208521E-4,0.44736847,0.9481278,0.67096025
0.0,0.66903913,0.65217394,0.091441825,0.7894737,0.80796975,0.80844486
0.0,0.37366548,0.04347826,0.009644732,0.44736847,0.9385091,0.9795308
0.0,0.48042706,0.04347826,0.0072030276,0.5526316,0.88629335,0.99331486
0.0,0.48042706,0.13043478,0.019411549,0.27192986,0.95053244,0.9490551
0.0,0.658363,0.47826087,0.038945183,0.7894737,0.82445896,0.88875765
0.0,0.44483986,0.0,0.0047613233,0.7017544,0.7866713,0.99715245
0.0,0.48042706,0.13043478,8.545965E-4,0.16666664,0.95225006,0.95994705
0.0,0.76512456,0.3043478,0.030399218,0.7368421,0.83132946,0.81111443
0.0,0.3380783,0.47826087,2.4417043E-4,0.44736847,0.9199588,0.82201755
0.0,0.38434163,0.3043478,0.0072030276,0.0877193,0.979045,0.82201755
0.0,0.76512456,0.47826087,0.038945183,0.7368421,0.8347647,0.7821937
0.0,0.6227758,0.3043478,0.030399218,0.7368421,0.8337341,0.8511585
0.0,0.8113879,0.0,0.038945183,0.87719303,0.7602199,0.733251
0.0,0.48042706,0.47826087,0.019411549,0.7368421,0.81758845,0.9366125
0.0,0.658363,0.47826087,0.002319619,0.6228071,0.8419787,0.815348
0.0,0.80071175,0.13043478,0.012086436,0.7368421,0.8278942,0.8598414
0.0,0.6227758,0.3043478,0.024294958,0.5526316,0.8725524,0.7441541
0.0,0.6227758,0.47826087,0.038945183,0.7894737,0.80487806,0.9154537
0.0,0.48042706,0.04347826,0.009644732,0.28070176,0.9357609,0.955718
0.0,0.658363,0.65217394,0.038945183,0.6228071,0.8502233,0.85316294
0.0,0.80071175,0.3043478,0.038945183,0.7368421,0.8038475,0.80777967
0.0,0.6227758,0.47826087,0.030399218,0.754386,0.82445896,0.9003237
0.0,0.658363,0.65217394,0.038945183,0.8245614,0.7935417,0.8019955
0.0,0.6227758,0.13043478,0.038945183,0.7368421,0.81484026,0.9154581
0.0,0.52669036,0.04347826,0.0047613233,0.6228071,0.8488492,0.96586466
0.0,0.6227758,0.65217394,0.038945183,0.7368421,0.81071794,0.89543164
0.0,0.48042706,0.13043478,0.019411549,0.28070176,0.85194093,0.955718
0.0,0.6797153,0.47826087,0.030399218,0.754386,0.8265201,0.8932114
0.0,0.71530247,0.04347826,0.038945183,0.7368421,0.8381999,0.84426427
0.0,0.8113879,0.65217394,0.038945183,0.8245614,0.7935417,0.7708501
0.0,0.6227758,0.65217394,0.030399218,0.7368421,0.83201647,0.7158986
0.0,0.66903913,0.65217394,0.038945183,0.7368421,0.81071794,0.8602796
0.0,0.48042706,0.13043478,0.019411549,0.27192986,0.9343868,0.9490439
0.0,0.5516014,0.13043478,0.019411549,0.87719303,0.77602196,0.87204814
0.0,0.76512456,0.47826087,0.030399218,0.7368421,0.8347647,0.7986563
0.0,0.40925267,0.47826087,0.019411549,0.35964918,0.93198216,0.55527747
0.0,0.48042706,0.13043478,0.019411549,0.16666664,0.9343868,0.95550215
0.0,0.6227758,0.3043478,0.030399218,0.7368421,0.0,0.88230383
0.0,0.76512456,0.3043478,0.038945183,0.6228071,0.8485057,0.7635599
0.0,0.57295376,0.3043478,0.019411549,0.7368421,0.83442116,0.9043348
0.0,0.38434163,0.13043478,0.0072030276,0.44736847,0.937135,0.9359184
0.0,0.658363,0.65217394,0.030399218,0.7368421,0.83201647,0.8011034
0.0,0.6227758,0.47826087,0.038945183,0.7368421,0.81449676,0.87763876
0.0,0.48042706,0.13043478,0.0047613233,0.2631579,0.93095154,0.9354757
0.0,0.3380783,0.13043478,0.01452814,0.16666664,0.9343868,0.9421586
0.0,0.6227758,0.3043478,0.030399218,0.7368421,0.84163517,0.89343834
0.0,0.6227758,0.3043478,0.019411549,0.7368421,0.81071794,0.8906197
0.0,0.5516014,0.3043478,0.024294958,0.6228071,0.8419787,0.6378127
0.0,0.658363,0.65217394,0.038945183,0.74561405,0.82445896,0.83558583
0.0,0.658363,0.3043478,0.038945183,0.7368421,0.8347647,0.8213724
0.0,0.23131673,0.04347826,3.6625564E-4,0.0,0.96186876,0.96662104
0.0,0.6227758,0.47826087,0.030399218,0.7368421,0.81449676,0.8889779
0.0,0.66903913,0.47826087,0.030399218,0.7368421,0.82445896,0.91211444
0.0,0.48042706,0.13043478,0.009644732,0.44736847,0.937135,0.9223746
0.0,0.658363,0.3043478,0.024294958,0.7368421,0.83201647,0.8889779
0.0,0.6227758,0.65217394,0.038945183,0.8245614,0.80041224,0.7553731
0.0,0.76512456,0.3043478,0.019411549,0.6228071,0.8457575,0.7857532
0.0,0.76512456,0.3043478,0.019411549,0.44736847,0.8725524,0.8140065
0.0,0.6227758,0.3043478,0.030399218,0.87719303,0.8072827,0.8137173
0.0,0.6227758,0.65217394,0.048712,0.5526316,0.8450704,0.818903
0.0,0.48042706,0.13043478,0.009644732,0.27192986,0.9464102,0.9110043
0.0,0.6227758,0.65217394,0.06092052,1.0,0.7420131,0.7330352
0.0,0.85765123,0.04347826,0.07801245,0.7368421,0.81758845,0.63966143
0.0,0.8113879,0.3043478,0.030399218,0.87719303,0.77293026,0.42535675
0.0,0.6227758,0.47826087,0.030399218,0.6228071,0.83991754,0.9154581
0.0,0.8113879,0.65217394,0.038945183,0.8245614,0.7935417,0.7664008
0.0,0.3380783,0.3043478,0.015504822,0.5614035,0.89350736,0.6108942
0.0,0.71530247,0.13043478,0.030399218,0.7368421,0.83132946,0.8282444
0.0,0.6227758,0.47826087,0.030399218,0.7368421,0.8086568,0.46163
0.0,0.48042706,0.13043478,0.0072030276,0.44736847,0.92751634,0.9268017
0.0,0.3380783,0.3043478,0.01452814,0.35964918,0.93198216,0.6342532
0.0,0.6227758,0.47826087,0.030399218,0.87719303,0.76605976,0.8109565
0.0,0.38434163,0.3043478,0.0076913685,0.0877193,0.9824802,0.80688757
0.0,0.66903913,0.65217394,0.038945183,0.87719303,0.72174513,0.6552541
0.0,0.6227758,0.65217394,0.06092052,0.87719303,0.76812094,0.84871805
0.0,0.85765123,1.0,6.1042607E-4,1.0,0.7282721,0.32725775
0.0,0.76512456,0.3043478,0.038945183,0.7368421,0.83132946,0.75320625
0.0,0.658363,0.47826087,0.038945183,0.9035087,0.79045004,0.8674008
0.0,0.38434163,0.3043478,0.0076913685,0.0877193,0.9824802,0.8080021
0.0,0.71530247,0.3043478,0.019411549,0.44736847,0.8725524,0.79000455
0.0,0.6227758,0.65217394,0.030399218,0.87719303,0.7705256,0.8731849
0.0,0.6227758,0.47826087,0.030399218,0.7368421,0.8419787,0.876077
0.0,0.6939502,0.0,0.06092052,0.87719303,0.7602199,0.7744074
0.0,0.8113879,0.82608694,0.038945183,0.7894737,0.81071794,0.6734074
0.0,0.6227758,0.47826087,0.030399218,0.44736847,0.8965991,0.88875765
0.0,0.76512456,0.3043478,0.019411549,0.44736847,0.9172106,0.6851981
0.0,0.76512456,0.3043478,0.030399218,0.7368421,0.9412573,0.83757687
0.0,0.38434163,0.3043478,0.0076913685,0.0877193,0.9824802,0.7554977
0.0,0.83629894,0.65217394,0.048712,0.87719303,0.6664376,0.9655065
0.0,0.3380783,0.47826087,0.019411549,0.35964918,0.93198216,0.6048876
0.0,0.6227758,0.65217394,3.6625564E-4,0.6228071,0.8347647,0.75531083
0.0,0.44483986,0.04347826,0.009644732,0.7368421,0.7798008,0.9915351
0.0,0.76512456,0.3043478,0.019411549,0.44736847,0.92751634,0.7953193
0.0,0.6227758,0.13043478,0.019411549,0.7368421,0.84163517,0.93569595
0.0,0.38434163,0.3043478,0.015504822,0.0877193,0.9824802,0.6887576
0.0,0.85765123,0.65217394,3.6625564E-4,0.53508776,0.9168671,0.5781915
0.0,0.38434163,0.13043478,0.019411549,0.27192986,0.84163517,0.9510484
0.0,0.48042706,0.13043478,0.01452814,0.16666664,0.9584335,0.89320695
0.0,0.48042706,0.3043478,0.019411549,0.5526316,0.7420131,0.29894882
0.0,0.76512456,0.13043478,0.019411549,0.754386,0.80487806,0.9110043
0.0,0.23131673,0.13043478,0.002319619,0.16666664,0.9556853,0.925062
0.0,0.6227758,0.65217394,0.038945183,0.6228071,0.852628,0.8618102
0.0,0.5017794,0.3043478,0.03113173,0.7368421,0.81449676,0.844262
0.0,0.48042706,0.04347826,0.009644732,0.28070176,0.9357609,0.9355357
0.0,0.37366548,0.47826087,0.038945183,0.754386,0.8485057,0.8932114
0.0,0.3380783,0.47826087,0.019411549,0.35964918,0.93198216,0.5833105
0.0,0.6227758,1.0,0.06092052,0.7894737,0.80796975,0.7819735
0.0,0.44483986,0.0,0.0047613233,0.7368421,0.7798008,0.99554175
0.0,0.38434163,0.3043478,0.019411549,0.44736847,0.9481278,0.85074246
0.0,0.6227758,0.47826087,0.030399218,0.6228071,0.8347647,0.75530416
0.0,0.48042706,0.13043478,0.019411549,0.2631579,0.9412573,0.95549774
0.0,0.48042706,0.65217394,0.015504822,0.35964918,0.93198216,0.3090065
0.0,0.6797153,0.3043478,0.030399218,0.44736847,0.8656819,0.8665109
0.0,0.3380783,0.47826087,0.01452814,0.44736847,0.92751634,0.49276644
0.0,0.48042706,0.13043478,0.0,0.7368421,0.8072827,0.9810592
0.0,0.3380783,0.47826087,0.015504822,0.35964918,0.93198216,0.484088
0.0,0.658363,0.65217394,0.030399218,0.6228071,0.8553761,0.8920946
0.0,0.6227758,0.13043478,0.019411549,0.7368421,0.84163517,0.93325543
0.0,0.48042706,0.13043478,0.01452814,0.16666664,0.9584335,0.9643964
0.0,0.71530247,0.65217394,0.030399218,0.7368421,0.94503605,0.7708501
0.0,0.8113879,0.3043478,0.019411549,0.7368421,0.82445896,0.8073325
0.0,0.9074733,0.65217394,0.038945183,0.6228071,0.86911714,0.6954316
0.0,0.6797153,0.65217394,0.030399218,0.44736847,0.8921333,0.8776343
0.0,0.6227758,0.65217394,0.030399218,0.7894737,0.77293026,0.85538757
0.0,0.6939502,0.47826087,0.038945183,0.7368421,0.84163517,0.8600572
0.0,0.658363,0.65217394,0.038945183,0.74561405,0.82445896,0.81534356
0.0,0.658363,0.47826087,0.030399218,0.754386,0.7866713,0.9288061
0.0,0.76512456,0.3043478,0.01452814,0.6228071,0.8381999,0.8340441
0.0,0.76512456,1.0,0.038945183,0.8245614,0.80041224,0.73365146
0.0,0.40925267,0.3043478,0.0076913685,0.5526316,0.92064583,0.644044
0.0,0.48042706,0.13043478,0.019411549,0.27192986,0.9412573,0.9268128
0.0,0.38434163,0.3043478,0.0076913685,0.0877193,0.9824802,0.8109031
0.0,0.76512456,0.3043478,0.019411549,0.53508776,0.91308826,0.6903149
0.0,0.40925267,0.3043478,0.0076913685,0.5526316,0.92064583,0.6191255
0.0,0.658363,0.65217394,0.038945183,0.6140351,0.86911714,0.8776343
0.0,0.5516014,0.13043478,0.019411549,0.7368421,0.83407766,0.8709692
0.0,0.6227758,0.47826087,0.030399218,0.7894737,0.80487806,0.899881
0.0,0.6227758,0.47826087,0.030399218,0.7368421,0.81071794,0.8807488
0.0,0.6227758,0.47826087,0.030399218,0.5526316,0.87907934,0.85916954
0.0,0.6227758,0.13043478,0.01452814,0.87719303,0.7282721,0.98115927
0.0,0.48042706,0.04347826,0.009644732,0.7368421,0.82445896,0.85584587
0.0,0.3380783,0.3043478,0.019411549,0.35964918,0.93198216,0.6576122
0.0,0.658363,0.65217394,0.038945183,0.87719303,0.7643421,0.8999922
0.0,0.6227758,0.3043478,0.019411549,0.7368421,0.8086568,0.9388127
0.0,0.6939502,0.47826087,0.030399218,0.7368421,0.84163517,0.87118053
0.0,0.8113879,0.3043478,1.2208521E-4,0.7368421,0.81758845,0.5839868
0.0,0.76512456,0.13043478,0.030399218,0.7368421,0.81758845,0.76662105
0.0,0.6227758,0.65217394,0.030399218,0.7368421,0.81071794,0.8131189
0.0,0.76512456,0.65217394,0.019411549,0.6228071,0.86911714,0.7178118
0.0,0.5017794,0.47826087,0.030399218,0.6228071,0.8485057,0.8909823
0.0,0.76512456,0.3043478,0.019411549,0.6228071,0.85194093,0.8435946
0.0,0.48042706,0.13043478,0.019411549,0.28070176,0.94709724,0.955718
0.0,0.40925267,0.65217394,0.009644732,0.5526316,0.9103401,0.84426427
0.0,0.6227758,0.65217394,0.030399218,0.7368421,0.81071794,0.810981
0.0,0.48042706,0.3043478,0.01452814,0.16666664,0.9343868,0.9443744
0.0,0.23131673,0.13043478,0.0018312782,0.16666664,0.9556853,0.9445968
0.0,0.48042706,0.04347826,0.019411549,0.27192986,0.9395397,0.95549774
0.0,0.658363,0.3043478,0.019411549,0.87719303,0.7866713,0.85093826
0.0,0.76512456,0.47826087,0.019411549,0.7368421,0.81758845,0.8331409
0.0,0.56227756,0.13043478,0.01452814,0.5526316,0.89075917,0.99331486
0.0,0.8113879,0.3043478,0.019411549,0.7368421,0.81758845,0.63737
0.0,0.5017794,0.3043478,0.01452814,0.6228071,0.8488492,0.88030386
0.0,0.8113879,0.65217394,0.038945183,0.87719303,0.7420131,0.0
0.0,0.0,0.3043478,0.030399218,0.6228071,0.8419787,0.7699892
0.0,0.76512456,0.3043478,0.019411549,0.6228071,0.86911714,0.73518866
0.0,0.5017794,0.04347826,0.0072030276,0.5526316,0.89316386,0.99331486
0.0,0.2669039,0.0,0.002319619,0.6228071,0.86224663,0.94108856
0.0,0.6227758,0.04347826,0.0072030276,0.7017544,0.7578152,0.99553955
0.0,0.6227758,0.47826087,0.038945183,0.7368421,0.8402611,0.79977083
0.0,0.8113879,0.65217394,0.0029300451,0.53508776,0.9172106,0.67251754
0.0,0.6797153,0.3043478,0.030399218,0.7368421,0.8419787,0.9021056
0.0,0.6227758,0.65217394,0.046758637,0.87719303,0.7667468,0.7608836
0.0,0.6939502,0.3043478,0.038945183,0.5526316,0.86224663,0.8934272
0.0,0.48042706,0.47826087,0.019411549,0.754386,0.82445896,0.933251
0.0,0.48042706,0.3043478,0.019411549,0.5526316,0.7420131,0.18411136
0.0,0.3380783,0.3043478,0.0076913685,0.44736847,0.9481278,0.7441541
0.0,0.6227758,0.65217394,0.038945183,0.7368421,0.81449676,0.88208807
0.0,0.37366548,0.47826087,0.038945183,0.6228071,0.88629335,0.899881
0.0,0.6227758,0.65217394,0.030399218,0.7894737,0.7798008,0.8843083
0.0,0.6227758,0.3043478,0.019411549,0.754386,0.84163517,0.90010124
0.0,0.3380783,0.3043478,0.0076913685,0.35964918,0.93198216,0.6137862
0.0,0.71530247,0.3043478,0.019411549,0.7368421,0.818619,0.77796686
0.0,0.6227758,0.47826087,0.030399218,0.7017544,0.84163517,0.9043303
0.0,0.658363,0.47826087,0.038945183,0.6140351,0.8450704,0.8665109
0.0,0.658363,0.47826087,0.038945183,0.754386,0.80487806,0.91122454
0.0,0.76512456,0.3043478,0.019411549,0.44736847,0.9172106,0.6843083
0.0,0.6227758,0.65217394,0.038945183,0.7368421,0.8289248,0.9110088
0.0,0.6227758,0.3043478,0.030399218,0.7368421,0.81449676,0.911011
0.0,0.9074733,0.65217394,0.038945183,0.87719303,0.77293026,0.4461841
0.0,0.6227758,0.65217394,0.038945183,0.8245614,0.7935417,0.79509014
0.0,0.6227758,0.3043478,0.030399218,0.7368421,0.83201647,0.97573996
0.0,0.6227758,0.3043478,0.030399218,0.7368421,0.83407766,0.8898677
0.0,0.6227758,0.65217394,0.024294958,0.6228071,0.84953624,0.86673117
0.0,0.5516014,0.13043478,0.009644732,0.87719303,0.7351426,0.9866965
0.0,0.6797153,0.3043478,0.024294958,0.5526316,0.90278256,0.7730748
0.0,0.6227758,0.65217394,0.030399218,0.7368421,0.81484026,0.9110043
0.0,0.8113879,0.65217394,0.027957514,0.7894737,0.81071794,0.6811937
0.0,0.76512456,0.3043478,1.2208521E-4,0.6228071,0.8553761,0.72859037
0.0,0.6227758,0.13043478,0.009644732,0.87719303,0.7351426,0.9866965
0.0,0.76512456,0.3043478,0.019411549,0.5526316,0.82445896,0.3818044
0.0,0.48042706,0.04347826,0.0035404712,0.16666664,0.9481278,0.96083695
0.0,0.6227758,0.65217394,0.038945183,0.6228071,0.8347647,0.8215748
0.0,0.6227758,0.47826087,0.024294958,0.7368421,0.8419787,0.8687356
0.0,0.658363,0.65217394,0.038945183,0.754386,0.82995534,0.903218
0.0,0.48042706,0.3043478,0.015504822,0.5526316,0.91549295,0.5472709
0.0,0.71530247,0.3043478,0.019411549,0.6228071,0.8457575,0.7621717
0.0,0.71530247,0.65217394,0.038945183,0.6228071,0.8588114,0.8375902
0.0,0.6939502,0.3043478,0.030399218,0.7368421,0.83201647,0.8665109
0.0,0.658363,0.65217394,0.038945183,0.8245614,0.7935417,0.7928432
0.0,0.6227758,0.3043478,0.01452814,0.7368421,0.81071794,0.84427315
0.0,0.71530247,0.3043478,0.019411549,0.6228071,0.8457575,0.83336115
0.0,0.9074733,0.3043478,0.019411549,0.7368421,0.81758845,0.5773017
0.0,0.40925267,0.3043478,0.0076913685,0.5526316,0.82445896,0.4527313
0.0,0.6227758,0.65217394,0.030399218,0.6228071,0.852628,0.8665109
0.0,0.48042706,0.13043478,0.019411549,0.16666664,0.86911714,0.88875765
0.0,0.38434163,0.3043478,8.545965E-4,0.35964918,0.9395397,0.7107841
0.0,0.6939502,0.3043478,0.038945183,0.87719303,0.78838885,0.82201755
0.0,0.76512456,0.3043478,0.019411549,0.7368421,0.8038475,0.84248227
0.0,0.6227758,0.65217394,0.038945183,0.754386,0.7866713,0.8998854
0.0,0.48042706,0.13043478,0.01452814,0.7368421,0.82445896,0.85542095
0.0,0.48042706,0.13043478,0.019411549,0.2631579,0.82445896,0.9345636
0.0,0.6797153,0.65217394,0.038945183,0.87719303,0.75918925,0.8665198
0.0,0.6227758,0.47826087,0.030399218,0.754386,0.8265201,0.8776343
0.0,0.71530247,0.3043478,1.2208521E-4,0.7368421,0.8072827,0.80888975
0.0,0.6227758,0.47826087,0.030399218,0.7368421,0.8141532,0.8353745
0.0,0.48042706,0.13043478,0.019411549,0.28070176,0.9244246,0.9087797
0.0,0.6227758,0.47826087,0.030399218,0.7894737,0.8065957,0.9110088
0.0,0.6227758,0.65217394,0.06092052,0.7017544,0.83132946,0.8764107
0.0,0.658363,0.3043478,0.030399218,0.754386,0.8347647,0.85538757
0.0,0.48042706,0.04347826,8.545965E-4,0.16666664,0.95225006,0.9165682
0.0,0.48042706,0.13043478,0.0018312782,0.27192986,0.9412573,0.93570036
0.0,0.430605,0.13043478,0.01452814,0.5526316,0.8746135,0.8369228
0.0,0.658363,0.47826087,0.030399218,0.6228071,0.85194093,0.8244625
0.0,0.3380783,0.47826087,0.01452814,0.44736847,0.9343868,0.48432833
0.0,0.5516014,0.13043478,0.01452814,0.87719303,0.783236,0.8464889
0.0,0.8113879,1.0,0.06092052,0.8245614,0.7866713,0.68853736
0.0,0.66903913,0.47826087,0.030399218,0.7368421,0.82445896,0.91211444
0.0,0.658363,0.13043478,0.019411549,0.5526316,0.87598765,0.7641851
0.0,0.66903913,0.65217394,3.6625564E-4,0.5526316,0.87907934,0.81089866
0.0,0.5017794,0.13043478,0.019411549,0.27192986,0.9412573,0.9334824
0.0,0.48042706,0.3043478,0.0076913685,0.5526316,0.9172106,0.6129075
0.0,0.80071175,0.65217394,3.6625564E-4,0.87719303,0.7420131,0.2992202
0.0,0.38434163,0.3043478,0.0076913685,0.0877193,0.9824802,0.8109031
0.0,0.76512456,0.13043478,0.019411549,0.6228071,0.89316386,0.7548303
0.0,0.6227758,0.65217394,0.030399218,0.7368421,0.81071794,0.8218418
0.0,0.6227758,0.3043478,0.019411549,0.7017544,0.83132946,0.8146739
0.0,0.6227758,0.3043478,0.038945183,0.7017544,0.82068014,0.97573996
0.0,0.8113879,0.3043478,0.019411549,0.7368421,0.81758845,0.6284802
0.0,0.6939502,0.3043478,0.030399218,0.7368421,0.81449676,0.8289118
0.0,0.6227758,0.65217394,0.06092052,0.754386,0.7866713,0.90655947
0.0,0.6227758,0.65217394,0.048712,0.7017544,0.83132946,0.88875765
0.0,0.71530247,0.3043478,0.019411549,0.6228071,0.8553761,0.7586122
0.0,0.8113879,0.47826087,0.015504822,0.53508776,0.91308826,0.54037213
0.0,0.8113879,0.47826087,0.038945183,0.53508776,0.91308826,0.28810352
0.0,0.76512456,0.65217394,0.06092052,0.7894737,0.81071794,0.7775242
0.0,0.5516014,0.13043478,0.009644732,0.6228071,0.8553761,0.9110043
0.0,0.6227758,0.65217394,0.030399218,0.7368421,0.81071794,0.8177885
0.0,0.48042706,0.04347826,0.0035404712,0.16666664,0.9481278,0.9563876
0.0,0.38434163,0.13043478,0.009644732,0.44736847,0.937135,0.9314958
0.0,0.23131673,0.04347826,8.545965E-4,0.0,0.96186876,0.9710704
0.0,0.48042706,0.13043478,0.019411549,0.27192986,0.9412573,0.95549774
0.0,0.80071175,0.3043478,1.2208521E-4,0.7368421,0.8124356,0.6674008
0.0,0.71530247,0.3043478,0.019411549,0.7368421,0.81071794,0.85560787
0.0,0.9074733,0.65217394,0.07801245,0.87719303,0.8302989,0.7464255
0.0,0.48042706,0.13043478,0.019411549,0.28070176,0.9336998,0.9361409
0.0,0.8113879,0.3043478,0.038945183,0.6228071,0.8553761,0.79278094
0.0,0.44483986,0.0,0.0047613233,0.7017544,0.7866713,0.99715245
0.0,0.6227758,0.47826087,0.030399218,0.754386,0.8223978,0.82204425
0.0,0.6227758,0.3043478,0.030399218,0.7368421,0.84163517,0.87429506
0.0,0.48042706,0.13043478,0.019411549,0.16666664,0.9553418,0.9343611
0.0,0.48042706,0.13043478,0.019411549,0.27192986,0.9412573,0.94993603
0.0,0.76512456,0.3043478,0.019411549,0.6228071,0.8553761,0.730815
0.0,0.3380783,0.3043478,0.01452814,0.35964918,0.93095154,0.67097807
0.0,0.8113879,0.3043478,0.019411549,0.7368421,0.82445896,0.76246315
0.0,0.6227758,1.0,0.06092052,0.8245614,0.7866713,0.71413
0.0,0.9074733,0.65217394,0.07801245,1.0,0.72346276,0.6996607
0.0,0.76512456,0.3043478,0.019411549,0.6228071,0.86911714,0.7530528
0.0,0.44483986,0.0,0.0047613233,0.6228071,0.86396426,0.9401475
0.0,0.48042706,0.13043478,0.0013429374,0.16666664,0.94709724,0.92435235
0.0,0.6227758,0.65217394,0.038945183,0.7368421,0.8038475,0.8776343
0.0,0.38434163,0.13043478,0.009644732,0.44736847,0.937135,0.93687946
0.0,0.44483986,0.04347826,0.0072030276,0.87719303,0.7351426,0.9866965
0.0,0.8113879,0.3043478,0.019411549,0.6228071,0.84163517,0.6418282
0.0,0.38434163,0.3043478,0.0072030276,0.0877193,0.979045,0.8331409
0.0,0.6227758,0.65217394,0.038945183,0.87719303,0.72174513,0.7107841
0.0,0.6227758,0.65217394,0.030399218,0.7368421,0.81071794,0.85538757
0.0,0.71530247,0.65217394,0.038945183,0.5526316,0.8852628,0.61662495
0.0,0.6227758,0.47826087,0.030399218,0.7368421,0.81071794,0.88886887
0.0,0.76512456,0.3043478,0.019411549,0.7368421,0.82445896,0.80444044
0.0,0.6227758,0.47826087,0.030399218,0.754386,0.83132946,0.9043303
0.0,0.6227758,0.65217394,0.030399218,0.5526316,0.8852628,0.79776865
0.0,0.6227758,0.3043478,0.030399218,0.754386,0.8065957,0.9288061
0.0,0.71530247,0.3043478,0.019411549,0.7368421,0.77293026,0.7125082
0.0,0.48042706,0.13043478,0.0,0.2631579,0.9343868,0.94236994
0.0,0.71530247,0.3043478,0.019411549,0.7368421,0.81071794,0.81044704
0.0,0.80071175,0.3043478,0.019411549,0.7368421,0.81758845,0.6409272
0.0,0.6227758,0.3043478,0.030399218,0.7368421,0.81449676,0.911011
0.0,0.658363,0.65217394,0.06092052,0.5526316,0.86224663,0.85983694
0.0,0.5017794,0.47826087,0.030399218,0.6140351,0.8485057,0.8932114
0.0,0.9074733,0.3043478,0.030399218,0.87719303,0.77293026,0.61382407
0.0,0.52669036,0.04347826,0.0072030276,0.7368421,0.7736173,0.9588325
0.0,0.5516014,0.13043478,0.019411549,0.5526316,0.8725524,0.8331409
0.0,0.8113879,0.3043478,0.019411549,0.6228071,0.87152183,0.67742294
0.0,0.3380783,0.3043478,0.019411549,0.29824558,0.8553761,0.26140082
0.0,0.5017794,0.04347826,0.0047613233,0.7368421,0.8182755,0.81538355
0.0,0.85765123,0.65217394,3.6625564E-4,0.53508776,0.91308826,0.41980398
0.0,0.658363,0.65217394,0.038945183,0.6228071,0.85606325,0.8776343
0.0,0.8113879,0.65217394,0.03113173,0.53508776,0.91308826,0.3052246
0.0,0.8113879,0.13043478,0.019411549,0.7368421,0.81071794,0.7777444
0.0,0.8113879,0.65217394,0.038945183,0.87719303,0.77293026,0.17530388
0.0,0.76512456,0.13043478,0.009644732,0.6228071,0.89316386,0.7526056
0.0,0.19572954,0.04347826,1.2208521E-4,0.0,0.9608382,0.9610572
0.0,0.71530247,0.13043478,0.009644732,0.6228071,0.8553761,0.7830836
0.0,0.6227758,0.13043478,0.009644732,0.6228071,0.8553761,0.9110043
0.0,0.76512456,0.13043478,0.01452814,0.6228071,0.8347647,0.69971406
0.0,0.71530247,0.65217394,0.038945183,1.0,0.74888355,0.75527745
0.0,0.3380783,0.13043478,0.009644732,0.44736847,0.901752,0.6996607
0.0,0.5871886,0.3043478,0.024294958,0.87719303,0.76605976,0.86517614
0.0,0.71530247,0.3043478,0.038945183,0.6228071,0.8553761,0.8231276
0.0,0.8113879,0.3043478,8.545965E-4,0.7368421,0.8141532,0.6791915
0.0,0.76512456,1.0,0.06092052,0.87719303,0.76812094,0.84426427
0.0,0.5516014,0.13043478,0.019411549,0.7368421,0.81758845,0.9956352
0.0,0.6227758,0.65217394,0.038945183,0.8245614,0.80041224,0.85538757
0.0,0.9074733,0.65217394,0.015504822,0.53508776,0.9172106,0.52702415
0.0,0.5871886,0.3043478,0.01452814,0.6228071,0.8481622,0.8287895
0.0,0.8113879,0.3043478,0.030399218,0.53508776,0.9172106,0.6843083
0.0,0.658363,0.65217394,0.038945183,0.74561405,0.82445896,0.83337224
0.0,0.57295376,0.47826087,0.019411549,0.44736847,0.92098933,0.5385946
0.0,0.0,0.13043478,0.01452814,0.44736847,0.9240811,0.7577224
0.0,0.76512456,0.3043478,0.019411549,0.5526316,0.82445896,0.365938
